1,6329546366,agax
2,2799786752,xxzD
3,6620461164,ahjjh
4,5898512054,hasbro
5,3851536185,axfa
6,1667532528,agas
7,6140822165,abaxzvb
8,6329546366,agax
9,3995158461,xbza
10,8499649497,hhhas
11,3851536185,axfa
12,1320969074,jasgg
13,7476103713,ahhwas
14,9842821506,axe
15,3851536185,axfa
16,9543131768,nxzbna
17,2799786752,xxzD
18,1320969074,jasgg
19,5180626808,hjkaxx
20,5180626808,hjkaxx
21,3851536185,axfa
22,3736180980,uuuuSd
23,3736180980,uuuuSd
24,2864571131,hagha
25,2541532413,axga
26,2864571131,hagha
27,3851536185,axfa
28,2934421260,HUX
29,6329546366,agax
30,6824714454,zzaqw
31,5898512054,hasbro
32,7147397961,Mauwgn
33,9842821506,axe
34,5180626808,hjkaxx
35,2934421260,agags
36,6771822536, aaxg
37,9842821506,axe
38,2864571131,hagha
39,6824714454,zzaqw
40,9543131768,nxzbna
41,2934421260,HUX
42,9842821506,axe
43,2541532413,axga
44,2541532413,axga
45,3851536185,axfa
46,6140822165,abaxzvb
47,2934421260,HUX
48,6771822536, aaxg
49,1667532528,agas
50,2934421260,HUX
51,3851536185,axfa
52,3995158461,xbza
53,1667532528,agas
54,7476103713,ahhwas
55,6771822536, aaxg
56,3995158461,xbza
57,1320969074,jasgg
58,6771822536, aaxg
59,2541532413,axga
60,7476103713,ahhwas
61,5180626808,hjkaxx
62,8499649497,hhhas
63,8499649497,hhhas
64,3995158461,xbza
65,1667532528,agas
66,6824714454,zzaqw
67,1320969074,jasgg
68,6329546366,agax
69,2934421260,agags
70,3851536185,axfa
71,3995158461,xbza
72,3851536185,axfa
73,1667532528,agas
74,7147397961,Mauwgn
75,8499649497,hhhas
76,9842821506,axe
77,5478181018,nbju
78,9543131768,nxzbna
79,6771822536, aaxg
80,2799786752,xxzD
81,7476103713,ahhwas
82,6620461164,ahjjh
83,2934421260,agags
84,3736180980,uuuuSd
85,7476103713,ahhwas
86,7147397961,Mauwgn
87,9842821506,axe
88,6824714454,zzaqw
89,2799786752,xxzD
90,7147397961,Mauwgn
91,5478181018,nbju
92,1667532528,agas
93,7147397961,Mauwgn
94,2541532413,axga
95,6329546366,agax
96,6824714454,zzaqw
97,6329546366,agax
98,6824714454,zzaqw
99,8266293932,xaga
100,6140822165,abaxzvb
101,6620461164,ahjjh
102,6771822536, aaxg
103,9543131768,nxzbna
104,6140822165,abaxzvb
105,9543131768,nxzbna
106,6329546366,agax
107,3995158461,xbza
108,5478181018,nbju
109,5478181018,nbju
110,6329546366,agax
111,1667532528,agas
112,8499649497,hhhas
113,9842821506,axe
114,2934421260,HUX
115,6620461164,ahjjh
116,9543131768,nxzbna
117,7147397961,Mauwgn
118,2934421260,HUX
119,2864571131,hagha
120,7476103713,ahhwas
121,3736180980,uuuuSd
122,8266293932,xaga
123,2864571131,hagha
124,6824714454,zzaqw
125,7476103713,ahhwas
126,3995158461,xbza
127,8499649497,hhhas
128,8499649497,hhhas
129,5478181018,nbju
130,6329546366,agax
131,7476103713,ahhwas
132,7147397961,Mauwgn
133,9543131768,nxzbna
134,6824714454,zzaqw
135,7476103713,ahhwas
136,5180626808,hjkaxx
137,9995062741,ahju
138,6824714454,zzaqw
139,6824714454,zzaqw
140,9995062741,ahju
141,8499649497,hhhas
142,6620461164,ahjjh
143,6329546366,agax
144,5898512054,hasbro
145,1667532528,agas
146,2934421260,HUX
147,9995062741,ahju
148,1667532528,agas
149,9995062741,ahju
150,1320969074,jasgg
151,8499649497,hhhas
152,7147397961,Mauwgn
153,8266293932,xaga
154,2799786752,xxzD
155,6140822165,abaxzvb
156,9543131768,nxzbna
157,6329546366,agax
158,2934421260,agags
159,9995062741,ahju
160,5898512054,hasbro
161,7476103713,ahhwas
162,9543131768,nxzbna
163,1320969074,jasgg
164,1667532528,agas
165,3851536185,axfa
166,3851536185,axfa
167,5138603868,juuk
168,9842821506,axe
169,8266293932,xaga
170,5898512054,hasbro
171,6140822165,abaxzvb
172,9543131768,nxzbna
173,5478181018,nbju
174,2934421260,HUX
175,8499649497,hhhas
176,2934421260,agags
177,5478181018,nbju
178,9543131768,nxzbna
179,2541532413,axga
180,2541532413,axga
181,3995158461,xbza
182,2799786752,xxzD
183,3995158461,xbza
184,1667532528,agas
185,6771822536, aaxg
186,5138603868,juuk
187,2864571131,hagha
188,9995062741,ahju
189,7147397961,Mauwgn
190,5478181018,nbju
191,6329546366,agax
192,3995158461,xbza
193,5478181018,nbju
194,9995062741,ahju
195,3851536185,axfa
196,8266293932,xaga
197,9543131768,nxzbna
198,3736180980,uuuuSd
199,5898512054,hasbro
200,2541532413,axga
201,7476103713,ahhwas
202,3736180980,uuuuSd
203,2934421260,agags
204,3851536185,axfa
205,5898512054,hasbro
206,2864571131,hagha
207,6771822536, aaxg
208,3851536185,axfa
209,2934421260,agags
210,8266293932,xaga
211,8266293932,xaga
212,2799786752,xxzD
213,9995062741,ahju
214,9543131768,nxzbna
215,5180626808,hjkaxx
216,1320969074,jasgg
217,5898512054,hasbro
218,5138603868,juuk
219,6824714454,zzaqw
220,6329546366,agax
221,9842821506,axe
222,2934421260,HUX
223,6824714454,zzaqw
224,7147397961,Mauwgn
225,6140822165,abaxzvb
226,3736180980,uuuuSd
227,3995158461,xbza
228,3736180980,uuuuSd
229,1667532528,agas
230,6824714454,zzaqw
231,8266293932,xaga
232,8266293932,xaga
233,7476103713,ahhwas
234,5898512054,hasbro
235,3995158461,xbza
236,2934421260,agags
237,6771822536, aaxg
238,7476103713,ahhwas
239,5138603868,juuk
240,7147397961,Mauwgn
241,7147397961,Mauwgn
242,5138603868,juuk
243,2864571131,hagha
244,6620461164,ahjjh
245,2541532413,axga
246,9543131768,nxzbna
247,5898512054,hasbro
248,9995062741,ahju
249,3851536185,axfa
250,2799786752,xxzD
251,6771822536, aaxg
252,3995158461,xbza
253,9995062741,ahju
254,8266293932,xaga
255,3851536185,axfa
256,2934421260,HUX
257,8266293932,xaga
258,2934421260,HUX
259,6329546366,agax
260,1320969074,jasgg
261,6329546366,agax
262,6140822165,abaxzvb
263,3995158461,xbza
264,9543131768,nxzbna
265,3851536185,axfa
266,2541532413,axga
267,9842821506,axe
268,1320969074,jasgg
269,2934421260,agags
270,9995062741,ahju
271,6620461164,ahjjh
272,2934421260,agags
273,9842821506,axe
274,2541532413,axga
275,2864571131,hagha
276,5180626808,hjkaxx
277,6140822165,abaxzvb
278,1320969074,jasgg
279,3736180980,uuuuSd
280,6140822165,abaxzvb
281,9995062741,ahju
282,6140822165,abaxzvb
283,6771822536, aaxg
284,9842821506,axe
285,6140822165,abaxzvb
286,6329546366,agax
287,2541532413,axga
288,2541532413,axga
289,6329546366,agax
290,3736180980,uuuuSd
291,2934421260,HUX
292,9995062741,ahju
293,5138603868,juuk
294,7476103713,ahhwas
295,6824714454,zzaqw
296,9842821506,axe
297,8266293932,xaga
298,3995158461,xbza
299,2864571131,hagha
300,8266293932,xaga
301,8266293932,xaga
302,2934421260,HUX
303,8499649497,hhhas
304,5478181018,nbju
305,9995062741,ahju
306,6620461164,ahjjh
307,3736180980,uuuuSd
308,6824714454,zzaqw
309,2934421260,agags
310,5180626808,hjkaxx
311,2541532413,axga
312,2799786752,xxzD
313,9543131768,nxzbna
314,8499649497,hhhas
315,2864571131,hagha
316,2864571131,hagha
317,2541532413,axga
318,2934421260,HUX
319,3995158461,xbza
320,6824714454,zzaqw
321,9543131768,nxzbna
322,6329546366,agax
323,6140822165,abaxzvb
324,9995062741,ahju
325,6771822536, aaxg
326,6620461164,ahjjh
327,6140822165,abaxzvb
328,5898512054,hasbro
329,8266293932,xaga
330,5138603868,juuk
331,2541532413,axga
332,7476103713,ahhwas
333,3736180980,uuuuSd
334,2934421260,HUX
335,2541532413,axga
336,6824714454,zzaqw
337,7476103713,ahhwas
338,8266293932,xaga
339,2864571131,hagha
340,3736180980,uuuuSd
341,9842821506,axe
342,3995158461,xbza
343,6140822165,abaxzvb
344,1667532528,agas
345,2934421260,agags
346,7476103713,ahhwas
347,5138603868,juuk
348,2541532413,axga
349,2541532413,axga
350,8499649497,hhhas
351,6620461164,ahjjh
352,5478181018,nbju
353,2541532413,axga
354,9842821506,axe
355,2541532413,axga
356,8499649497,hhhas
357,7147397961,Mauwgn
358,3736180980,uuuuSd
359,5898512054,hasbro
360,6771822536, aaxg
361,6620461164,ahjjh
362,5478181018,nbju
363,9995062741,ahju
364,9842821506,axe
365,2934421260,HUX
366,3851536185,axfa
367,5180626808,hjkaxx
368,5898512054,hasbro
369,9842821506,axe
370,6329546366,agax
371,6329546366,agax
372,2934421260,HUX
373,5138603868,juuk
374,9543131768,nxzbna
375,2864571131,hagha
376,2934421260,HUX
377,5138603868,juuk
378,5898512054,hasbro
379,3851536185,axfa
380,3851536185,axfa
381,8499649497,hhhas
382,9543131768,nxzbna
383,6140822165,abaxzvb
384,6140822165,abaxzvb
385,3995158461,xbza
386,7476103713,ahhwas
387,5478181018,nbju
388,9543131768,nxzbna
389,2541532413,axga
390,7476103713,ahhwas
391,8499649497,hhhas
392,3995158461,xbza
393,8266293932,xaga
394,3851536185,axfa
395,8266293932,xaga
396,6771822536, aaxg
397,3736180980,uuuuSd
398,5898512054,hasbro
399,6140822165,abaxzvb
400,5898512054,hasbro
401,2864571131,hagha
402,6771822536, aaxg
403,8266293932,xaga
404,5898512054,hasbro
405,6140822165,abaxzvb
406,1320969074,jasgg
407,2934421260,agags
408,8499649497,hhhas
409,5138603868,juuk
410,7147397961,Mauwgn
411,2934421260,agags
412,7476103713,ahhwas
413,6771822536, aaxg
414,8266293932,xaga
415,5138603868,juuk
416,5138603868,juuk
417,3995158461,xbza
418,6824714454,zzaqw
419,3995158461,xbza
420,2934421260,agags
421,8499649497,hhhas
422,6620461164,ahjjh
423,2934421260,agags
424,8499649497,hhhas
425,1320969074,jasgg
426,5478181018,nbju
427,5180626808,hjkaxx
428,9842821506,axe
429,2934421260,agags
430,3736180980,uuuuSd
431,5180626808,hjkaxx
432,2799786752,xxzD
433,6329546366,agax
434,3995158461,xbza
435,3851536185,axfa
436,6140822165,abaxzvb
437,3736180980,uuuuSd
438,1320969074,jasgg
439,5138603868,juuk
440,7476103713,ahhwas
441,7476103713,ahhwas
442,9995062741,ahju
443,1320969074,jasgg
444,6620461164,ahjjh
445,9842821506,axe
446,5138603868,juuk
447,2541532413,axga
448,6824714454,zzaqw
449,1667532528,agas
450,6620461164,ahjjh
451,7476103713,ahhwas
452,5138603868,juuk
453,2799786752,xxzD
454,9995062741,ahju
455,9995062741,ahju
456,8266293932,xaga
457,6329546366,agax
458,6620461164,ahjjh
459,6140822165,abaxzvb
460,7476103713,ahhwas
461,5138603868,juuk
462,8266293932,xaga
463,6329546366,agax
464,2934421260,agags
465,8266293932,xaga
466,6620461164,ahjjh
467,3995158461,xbza
468,7147397961,Mauwgn
469,2541532413,axga
470,3851536185,axfa
471,6140822165,abaxzvb
472,6771822536, aaxg
473,5478181018,nbju
474,6824714454,zzaqw
475,7476103713,ahhwas
476,2864571131,hagha
477,5138603868,juuk
478,3736180980,uuuuSd
479,3851536185,axfa
480,3851536185,axfa
481,2934421260,HUX
482,3851536185,axfa
483,9842821506,axe
484,3995158461,xbza
485,5138603868,juuk
486,8499649497,hhhas
487,6771822536, aaxg
488,2934421260,agags
489,3851536185,axfa
490,5138603868,juuk
491,2541532413,axga
492,9543131768,nxzbna
493,9543131768,nxzbna
494,9842821506,axe
495,5138603868,juuk
496,6329546366,agax
497,3995158461,xbza
498,1667532528,agas
499,6140822165,abaxzvb
500,5138603868,juuk
